<?xml version="1.1"?>
<!DOCTYPE items [
<!ELEMENT items (item*)>
<!ATTLIST items burpVersion CDATA "">
<!ATTLIST items exportTime CDATA "">
<!ELEMENT item (time, url, host, port, protocol, method, path, extension, request, status, responselength, mimetype, response, comment)>
<!ELEMENT time (#PCDATA)>
<!ELEMENT url (#PCDATA)>
<!ELEMENT host (#PCDATA)>
<!ATTLIST host ip CDATA "">
<!ELEMENT port (#PCDATA)>
<!ELEMENT protocol (#PCDATA)>
<!ELEMENT method (#PCDATA)>
<!ELEMENT path (#PCDATA)>
<!ELEMENT extension (#PCDATA)>
<!ELEMENT request (#PCDATA)>
<!ATTLIST request base64 (true|false) "false">
<!ELEMENT status (#PCDATA)>
<!ELEMENT responselength (#PCDATA)>
<!ELEMENT mimetype (#PCDATA)>
<!ELEMENT response (#PCDATA)>
<!ATTLIST response base64 (true|false) "false">
<!ELEMENT comment (#PCDATA)>
]>
<items burpVersion="2022.3.9" exportTime="Wed Jul 06 16:30:50 UTC 2022">
<item>
    <url><![CDATA[https://ajax.googleapis.com/ajax/libs/jquery/3.2.0/jquery.min.js]]></url>
    <host ip="142.250.199.138">ajax.googleapis.com</host>
    <port>443</port>
    <protocol>https</protocol>
    <method><![CDATA[GET]]></method>
    <path><![CDATA[/ajax/libs/jquery/3.2.0/jquery.min.js]]></path>
    <extension>null</extension>
    <request base64="false"><![CDATA[GET /ajax/libs/jquery/3.2.0/jquery.min.js HTTP/1.1
Host: ajax.googleapis.com
Accept: */*
Accept-Encoding: gzip, deflate, br
Accept-Language: en-US,en;q=0.9,be;q=0.8,ta;q=0.7
Connection: keep-alive
Referer: https://www.w3schools.com/
Sec-Ch-Ua: " Not A;Brand";v="99", "Chromium";v="99", "Google Chrome";v="99"
Sec-Ch-Ua-Mobile: ?0
Sec-Ch-Ua-Platform: "Windows"
Sec-Fetch-Dest: script
Sec-Fetch-Mode: no-cors
Sec-Fetch-Site: cross-site
User-Agent: Mozilla/5.0 (Windows NT 10.0; Win64; x64) AppleWebKit/537.36 (KHTML, like Gecko) Chrome/99.0.4844.51 Safari/537.36
X-Client-Data: CIS2yQEIpbbJAQjEtskBCKmdygEIkqHLAQ==

]]></request>
</item><item>
    <url><![CDATA[https://btlr.sharethrough.com/universal/v1?supply_id=WYu2BXv1]]></url>
    <host ip="52.74.39.54">btlr.sharethrough.com</host>
    <port>443</port>
    <protocol>https</protocol>
    <method><![CDATA[POST]]></method>
    <path><![CDATA[/universal/v1?supply_id=WYu2BXv1]]></path>
    <extension>null</extension>
    <request base64="false"><![CDATA[POST /universal/v1?supply_id=WYu2BXv1 HTTP/1.1
Host: btlr.sharethrough.com
Accept: */*
Accept-Encoding: gzip, deflate, br
Accept-Language: en-US,en;q=0.9,be;q=0.8,ta;q=0.7
Connection: keep-alive
Content-Length: 1228
Content-Type: text/plain
Cookie: stx_user_id=2856b62d-ee8d-4243-81c8-0434ce0b7123
Origin: https://www.w3schools.com
Referer: https://www.w3schools.com/
Sec-Ch-Ua: " Not A;Brand";v="99", "Chromium";v="99", "Google Chrome";v="99"
Sec-Ch-Ua-Mobile: ?0
Sec-Ch-Ua-Platform: "Windows"
Sec-Fetch-Dest: empty
Sec-Fetch-Mode: cors
Sec-Fetch-Site: cross-site
User-Agent: Mozilla/5.0 (Windows NT 10.0; Win64; x64) AppleWebKit/537.36 (KHTML, like Gecko) Chrome/99.0.4844.51 Safari/537.36

{"id":"46210daf-5907-4350-aef5-feecb7f3da2f","at":1,"cur":["USD"],"tmax":1250,"site":{"domain":"www.w3schools.com","page":"https://www.w3schools.com/jquery/jquery_chaining.asp","ref":"https://www.w3schools.com/jquery/jquery_chaining.asp"},"user":{"ext":{"eids":[{"source":"id5-sync.com","uids":[{"id":"ID5*XtVGPhGjN0FxnIv0Z53dG2mWjqC_YZwE3XysXxs5olgb1wAtrAk6uHprR0mMtlwo","atype":1,"ext":{"linkType":2}}]},{"source":"pubcid.org","uids":[{"id":"33f9d2ca-0d15-4b83-8006-f9d8b657e615","atype":1}]},{"source":"adserver.org","uids":[{"id":"67e12267-5a05-46de-be9a-9cad370b57c1","atype":1,"ext":{"rtiPartner":"TDID"}}]}]}},"device":{"ua":"Mozilla/5.0 (Windows NT 10.0; Win64; x64) AppleWebKit/537.36 (KHTML, like Gecko) Chrome/99.0.4844.51 Safari/537.36","language":"en-US","js":1,"dnt":0,"h":768,"w":1366},"regs":{"coppa":0,"ext":{"gdpr":0,"us_privacy":"1---"}},"source":{"ext":{"version":"5.20.2","str":"4.0.1","schain":{"ver":"1.0","complete":1,"nodes":[{"asi":"snigelweb.com","sid":"7088","domain":"w3schools.com","hp":1}]}}},"bcat":[],"badv":[],"test":0,"imp":[{"id":"611a9788015577","tagid":"yQz3yLaGi7xNbt4ZBGx6fYeH","secure":1,"bidfloor":0.0529,"banner":{"pos":0,"topframe":1,"format":[{"w":970,"h":250},{"w":300,"h":250}]}}]}

]]></request>
</item><item>
    <url><![CDATA[https://c.amazon-adsystem.com/aax2/apstag.js]]></url>
    <host ip="108.158.242.237">c.amazon-adsystem.com</host>
    <port>443</port>
    <protocol>https</protocol>
    <method><![CDATA[GET]]></method>
    <path><![CDATA[/aax2/apstag.js]]></path>
    <extension>null</extension>
    <request base64="false"><![CDATA[GET /aax2/apstag.js HTTP/1.1
Host: c.amazon-adsystem.com
Accept: */*
Accept-Encoding: gzip, deflate, br
Accept-Language: en-US,en;q=0.9,be;q=0.8,ta;q=0.7
Connection: keep-alive
Cookie: ad-id=A4pByP8Ga0FwrHNzwJTd65g; ad-privacy=0
Referer: https://www.w3schools.com/
Sec-Ch-Ua: " Not A;Brand";v="99", "Chromium";v="99", "Google Chrome";v="99"
Sec-Ch-Ua-Mobile: ?0
Sec-Ch-Ua-Platform: "Windows"
Sec-Fetch-Dest: script
Sec-Fetch-Mode: no-cors
Sec-Fetch-Site: cross-site
User-Agent: Mozilla/5.0 (Windows NT 10.0; Win64; x64) AppleWebKit/537.36 (KHTML, like Gecko) Chrome/99.0.4844.51 Safari/537.36

]]></request>
</item><item>
    <url><![CDATA[https://c2shb.ssp.yahoo.com/bidRequest?dcn=8a9694b8017070f8309df8ed25b10036&pos=sws_hb_w3schools_leader_728x90&cmd=bid&eidid5-sync.com=ID5*XtVGPhGjN0FxnIv0Z53dG2mWjqC_YZwE3XysXxs5olgb1wAtrAk6uHprR0mMtlwo&eidadserver.org=67e12267-5a05-46de-be9a-9cad370b57c1&secure=1&us_privacy=1---]]></url>
    <host ip="13.250.192.86">c2shb.ssp.yahoo.com</host>
    <port>443</port>
    <protocol>https</protocol>
    <method><![CDATA[GET]]></method>
    <path><![CDATA[/bidRequest?dcn=8a9694b8017070f8309df8ed25b10036&pos=sws_hb_w3schools_leader_728x90&cmd=bid&eidid5-sync.com=ID5*XtVGPhGjN0FxnIv0Z53dG2mWjqC_YZwE3XysXxs5olgb1wAtrAk6uHprR0mMtlwo&eidadserver.org=67e12267-5a05-46de-be9a-9cad370b57c1&secure=1&us_privacy=1---]]></path>
    <extension>null</extension>
    <request base64="false"><![CDATA[GET /bidRequest?dcn=8a9694b8017070f8309df8ed25b10036&pos=sws_hb_w3schools_leader_728x90&cmd=bid&eidid5-sync.com=ID5*XtVGPhGjN0FxnIv0Z53dG2mWjqC_YZwE3XysXxs5olgb1wAtrAk6uHprR0mMtlwo&eidadserver.org=67e12267-5a05-46de-be9a-9cad370b57c1&secure=1&us_privacy=1--- HTTP/1.1
Host: c2shb.ssp.yahoo.com
Accept: */*
Accept-Encoding: gzip, deflate, br
Accept-Language: en-US,en;q=0.9,be;q=0.8,ta;q=0.7
Connection: keep-alive
Content-Type: text/plain
Cookie: A3=d=AQABBOhyg2ICEDnaAUCVYm0HWNw79Hnb2FwFEgEBAQHEhGKNYgAAAAAA_eMAAAcI6HKDYnnb2Fw&S=AQAAAhfL-Qj_ElqeY_PZEtsjFdM
Origin: https://www.w3schools.com
Referer: https://www.w3schools.com/
Sec-Ch-Ua: " Not A;Brand";v="99", "Chromium";v="99", "Google Chrome";v="99"
Sec-Ch-Ua-Mobile: ?0
Sec-Ch-Ua-Platform: "Windows"
Sec-Fetch-Dest: empty
Sec-Fetch-Mode: cors
Sec-Fetch-Site: cross-site
User-Agent: Mozilla/5.0 (Windows NT 10.0; Win64; x64) AppleWebKit/537.36 (KHTML, like Gecko) Chrome/99.0.4844.51 Safari/537.36

]]></request>
</item><item>
    <url><![CDATA[https://c2shb.ssp.yahoo.com/bidRequest?dcn=8a9694b8017070f8309df8ed25b10036&pos=sws_hb_w3schools_wide_300x600&cmd=bid&eidid5-sync.com=ID5*XtVGPhGjN0FxnIv0Z53dG2mWjqC_YZwE3XysXxs5olgb1wAtrAk6uHprR0mMtlwo&eidadserver.org=67e12267-5a05-46de-be9a-9cad370b57c1&secure=1&us_privacy=1---]]></url>
    <host ip="13.250.173.68">c2shb.ssp.yahoo.com</host>
    <port>443</port>
    <protocol>https</protocol>
    <method><![CDATA[GET]]></method>
    <path><![CDATA[/bidRequest?dcn=8a9694b8017070f8309df8ed25b10036&pos=sws_hb_w3schools_wide_300x600&cmd=bid&eidid5-sync.com=ID5*XtVGPhGjN0FxnIv0Z53dG2mWjqC_YZwE3XysXxs5olgb1wAtrAk6uHprR0mMtlwo&eidadserver.org=67e12267-5a05-46de-be9a-9cad370b57c1&secure=1&us_privacy=1---]]></path>
    <extension>null</extension>
    <request base64="false"><![CDATA[GET /bidRequest?dcn=8a9694b8017070f8309df8ed25b10036&pos=sws_hb_w3schools_wide_300x600&cmd=bid&eidid5-sync.com=ID5*XtVGPhGjN0FxnIv0Z53dG2mWjqC_YZwE3XysXxs5olgb1wAtrAk6uHprR0mMtlwo&eidadserver.org=67e12267-5a05-46de-be9a-9cad370b57c1&secure=1&us_privacy=1--- HTTP/1.1
Host: c2shb.ssp.yahoo.com
Accept: */*
Accept-Encoding: gzip, deflate, br
Accept-Language: en-US,en;q=0.9,be;q=0.8,ta;q=0.7
Connection: keep-alive
Content-Type: text/plain
Cookie: A3=d=AQABBOhyg2ICEDnaAUCVYm0HWNw79Hnb2FwFEgEBAQHEhGKNYgAAAAAA_eMAAAcI6HKDYnnb2Fw&S=AQAAAhfL-Qj_ElqeY_PZEtsjFdM
Origin: https://www.w3schools.com
Referer: https://www.w3schools.com/
Sec-Ch-Ua: " Not A;Brand";v="99", "Chromium";v="99", "Google Chrome";v="99"
Sec-Ch-Ua-Mobile: ?0
Sec-Ch-Ua-Platform: "Windows"
Sec-Fetch-Dest: empty
Sec-Fetch-Mode: cors
Sec-Fetch-Site: cross-site
User-Agent: Mozilla/5.0 (Windows NT 10.0; Win64; x64) AppleWebKit/537.36 (KHTML, like Gecko) Chrome/99.0.4844.51 Safari/537.36

]]></request>
</item><item>
    <url><![CDATA[https://cdn.snigelweb.com/adengine/w3schools.com/loader.js]]></url>
    <host ip="104.22.24.74">cdn.snigelweb.com</host>
    <port>443</port>
    <protocol>https</protocol>
    <method><![CDATA[GET]]></method>
    <path><![CDATA[/adengine/w3schools.com/loader.js]]></path>
    <extension>null</extension>
    <request base64="false"><![CDATA[GET /adengine/w3schools.com/loader.js HTTP/1.1
Host: cdn.snigelweb.com
Accept: */*
Accept-Encoding: gzip, deflate, br
Accept-Language: en-US,en;q=0.9,be;q=0.8,ta;q=0.7
Connection: keep-alive
If-Modified-Since: Tue, 19 Jul 2022 09:27:05 GMT
If-None-Match: W/"3780-5e425167dbcb0"
Referer: https://www.w3schools.com/
Sec-Ch-Ua: " Not A;Brand";v="99", "Chromium";v="99", "Google Chrome";v="99"
Sec-Ch-Ua-Mobile: ?0
Sec-Ch-Ua-Platform: "Windows"
Sec-Fetch-Dest: script
Sec-Fetch-Mode: no-cors
Sec-Fetch-Site: cross-site
User-Agent: Mozilla/5.0 (Windows NT 10.0; Win64; x64) AppleWebKit/537.36 (KHTML, like Gecko) Chrome/99.0.4844.51 Safari/537.36

]]></request>
</item><item>
    <url><![CDATA[https://cdn.snigelweb.com/prebid/5.20.2/prebid.js?v=4209-1658222498574]]></url>
    <host ip="104.22.25.74">cdn.snigelweb.com</host>
    <port>443</port>
    <protocol>https</protocol>
    <method><![CDATA[GET]]></method>
    <path><![CDATA[/prebid/5.20.2/prebid.js?v=4209-1658222498574]]></path>
    <extension>null</extension>
    <request base64="false"><![CDATA[GET /prebid/5.20.2/prebid.js?v=4209-1658222498574 HTTP/1.1
Host: cdn.snigelweb.com
Accept: */*
Accept-Encoding: gzip, deflate, br
Accept-Language: en-US,en;q=0.9,be;q=0.8,ta;q=0.7
Connection: keep-alive
If-Modified-Since: Thu, 30 Jun 2022 16:46:09 GMT
If-None-Match: W/"89ee8-5e2ad01bbe45d"
Referer: https://www.w3schools.com/
Sec-Ch-Ua: " Not A;Brand";v="99", "Chromium";v="99", "Google Chrome";v="99"
Sec-Ch-Ua-Mobile: ?0
Sec-Ch-Ua-Platform: "Windows"
Sec-Fetch-Dest: script
Sec-Fetch-Mode: no-cors
Sec-Fetch-Site: cross-site
User-Agent: Mozilla/5.0 (Windows NT 10.0; Win64; x64) AppleWebKit/537.36 (KHTML, like Gecko) Chrome/99.0.4844.51 Safari/537.36

]]></request>
</item><item>
    <url><![CDATA[https://cdn.snigelweb.com/argus/argus.js]]></url>
    <host ip="104.22.24.74">cdn.snigelweb.com</host>
    <port>443</port>
    <protocol>https</protocol>
    <method><![CDATA[GET]]></method>
    <path><![CDATA[/argus/argus.js]]></path>
    <extension>null</extension>
    <request base64="false"><![CDATA[GET /argus/argus.js HTTP/1.1
Host: cdn.snigelweb.com
Accept: */*
Accept-Encoding: gzip, deflate, br
Accept-Language: en-US,en;q=0.9,be;q=0.8,ta;q=0.7
Connection: keep-alive
If-Modified-Since: Thu, 23 Jun 2022 08:40:46 GMT
If-None-Match: W/"8f92-5e21968f286a9"
Referer: https://www.w3schools.com/
Sec-Ch-Ua: " Not A;Brand";v="99", "Chromium";v="99", "Google Chrome";v="99"
Sec-Ch-Ua-Mobile: ?0
Sec-Ch-Ua-Platform: "Windows"
Sec-Fetch-Dest: script
Sec-Fetch-Mode: no-cors
Sec-Fetch-Site: cross-site
User-Agent: Mozilla/5.0 (Windows NT 10.0; Win64; x64) AppleWebKit/537.36 (KHTML, like Gecko) Chrome/99.0.4844.51 Safari/537.36

]]></request>
</item><item>
    <url><![CDATA[https://cdn.snigelweb.com/argus/argus.js]]></url>
    <host ip="172.67.25.170">cdn.snigelweb.com</host>
    <port>443</port>
    <protocol>https</protocol>
    <method><![CDATA[GET]]></method>
    <path><![CDATA[/argus/argus.js]]></path>
    <extension>null</extension>
    <request base64="false"><![CDATA[GET /argus/argus.js HTTP/1.1
Host: cdn.snigelweb.com
Accept: */*
Accept-Encoding: gzip, deflate, br
Accept-Language: en-US,en;q=0.9,be;q=0.8,ta;q=0.7
Connection: keep-alive
Referer: https://www.w3schools.com/
Sec-Ch-Ua: " Not A;Brand";v="99", "Chromium";v="99", "Google Chrome";v="99"
Sec-Ch-Ua-Mobile: ?0
Sec-Ch-Ua-Platform: "Windows"
Sec-Fetch-Dest: script
Sec-Fetch-Mode: no-cors
Sec-Fetch-Site: cross-site
User-Agent: Mozilla/5.0 (Windows NT 10.0; Win64; x64) AppleWebKit/537.36 (KHTML, like Gecko) Chrome/99.0.4844.51 Safari/537.36

]]></request>
</item>